{
  "k": 10,
  "slices": {
    "staleness": {
      "n": 4,
      "blind": 0.2708333333333333,
      "hybrid": 0.2708333333333333,
      "hybrid+dep": 0.3833333333333333
    },
    "general": {
      "n": 5,
      "blind": 1.0,
      "hybrid": 1.0,
      "hybrid+dep": 0.8
    }
  }
}