{
  "n_runs": 3,
  "quality": {
    "mean": 1.0,
    "min": 1.0,
    "max": 1.0,
    "stdev": 0.0
  },
  "tokens_per_q": {
    "mean": 188858.2857142857,
    "min": 174469.85714285713,
    "max": 203650.5,
    "stdev": 14594.51135072109
  }
}