{
  "n_runs": 3,
  "quality": {
    "mean": 0.8333333333333334,
    "min": 0.6666666666666666,
    "max": 1.0,
    "stdev": 0.16666666666666669
  },
  "tokens_per_q": {
    "mean": 177440.22222222222,
    "min": 147072.0,
    "max": 212365.0,
    "stdev": 32884.12399849125
  }
}