{
  "n_runs": 3,
  "quality": {
    "mean": 0.8333333333333334,
    "min": 0.6666666666666666,
    "max": 1.0,
    "stdev": 0.16666666666666669
  },
  "tokens_per_q": {
    "mean": 165775.38888888888,
    "min": 144024.83333333334,
    "max": 181951.66666666666,
    "stdev": 19568.229384169663
  }
}