{
  "n_runs": 3,
  "quality": {
    "mean": 0.9761904761904763,
    "min": 0.9285714285714286,
    "max": 1.0,
    "stdev": 0.041239304942116105
  },
  "tokens_per_q": {
    "mean": 198316.40476190476,
    "min": 185950.7857142857,
    "max": 206740.5,
    "stdev": 10940.967163655623
  }
}